,nome_munic,doseunica,primeiradose,segundadose,terceiradose,pop
0,ZACARIAS,69,2129,2084,330,2560
1,VOTUPORANGA,2315,81209,73905,12597,91760
2,VOTORANTIM,3254,87438,78604,8902,119824
3,VITÓRIA BRASIL,37,1602,1392,229,1760
4,VISTA ALEGRE DO ALTO,254,6513,6254,868,8014
5,VIRADOURO,460,14857,13848,2099,18347
6,VINHEDO,2286,63381,57793,7903,77521
7,VERA CRUZ,181,8438,8038,1572,10524
8,VÁRZEA PAULISTA,3590,91645,79643,6296,120535
9,VARGEM GRANDE PAULISTA,1369,39896,33514,3547,52762
10,VARGEM GRANDE DO SUL,1017,34341,31477,4912,41501
11,VARGEM,257,8251,7473,1153,10000
12,VALPARAÍSO,609,20377,18469,2130,23988
13,VALINHOS,3341,103488,94175,14067,124742
14,VALENTIM GENTIL,406,11377,10718,1346,12770
15,URUPÊS,351,11494,10950,1914,13164
16,URU,26,1154,1135,301,1207
17,URÂNIA,233,7352,6808,1342,8611
18,UNIÃO PAULISTA,36,1404,1365,239,1739
19,UCHOA,231,8193,7941,1570,9683
20,UBIRAJARA,108,4419,3628,424,4663
21,UBATUBA,2143,79624,64463,6402,88916
22,UBARANA,161,4523,4304,546,6066
23,TURMALINA,23,1716,1678,477,1805
24,TURIÚBA,39,1612,1590,337,1912
25,TUPI PAULISTA,325,14088,13225,2153,14878
26,TUPÃ,1387,53911,50549,7751,62843
27,TUIUTI,180,5501,5121,700,6557
28,TRÊS FRONTEIRAS,134,5380,5154,1037,5547
29,TREMEMBÉ,1225,41135,36981,4365,45978
30,TRABIJU,35,1475,1363,230,1703
31,TORRINHA,256,7982,7600,1299,9713
32,TORRE DE PEDRA,50,2371,2273,340,2320
33,TIMBURI,39,2283,2189,454,2557
34,TIETÊ,1123,31731,30006,3852,41073
35,TERRA ROXA,245,6624,6304,925,9121
36,TEODORO SAMPAIO,574,18209,16527,1993,22414
37,TEJUPÁ,90,3636,3380,426,4697
38,TAUBATÉ,8505,252483,228242,29720,307361
39,TATUÍ,3091,100498,87890,10262,120123
40,TARUMÃ,410,11959,11355,1251,14806
41,TARABAI,204,5622,5168,658,7269
42,TAQUARIVAÍ,128,4993,4482,360,5746
43,TAQUARITUBA,495,21126,19857,2401,23193
44,TAQUARITINGA,1299,44441,41870,6772,54499
45,TAQUARAL,59,2287,2232,330,2751
46,TAPIRATIBA,283,10558,10030,1385,12610
47,TAPIRAÍ,151,6779,6223,867,7699
48,TANABI,625,21292,19965,3455,25105
49,TAMBAÚ,572,17462,15512,2209,22803
50,TAIÚVA,158,5568,5254,898,6278
51,TAIAÇU,150,4801,4622,881,6037
52,TAGUAÍ,344,10609,10099,1310,13319
53,TACIBA,156,4844,4546,723,6054
54,TABOÃO DA SERRA,7655,219474,189350,20019,283871
55,TABATINGA,521,12051,11295,1645,15897
56,TABAPUÃ,268,9693,9218,1593,11892
57,SUZANO,7554,236596,198404,19914,291002
58,SUZANÁPOLIS,65,2942,2854,476,3947
59,SUMARÉ,8467,226803,188931,15493,283212
60,SUD MENNUCCI,196,6222,5849,1042,7713
61,SOROCABA,17845,578208,487621,56064,658547
62,SOCORRO,983,34338,31907,4843,38783
63,SILVEIRAS,162,5265,5158,900,6204
64,SEVERÍNIA,509,12416,11469,1423,17126
65,SETE BARRAS,258,10544,9271,1054,12628
66,SERTÃOZINHO,3543,102257,93984,11815,122355
67,SERRA NEGRA,637,24253,22304,3447,27440
68,SERRA AZUL,156,12124,10690,1062,12282
69,SEBASTIANÓPOLIS DO SUL,82,2890,2815,608,3293
70,SARUTAIÁ,66,3124,2866,459,3646
71,SARAPUÍ,261,8437,7341,775,10110
72,SÃO VICENTE,7588,275647,232935,39786,357929
73,SÃO SIMÃO,355,11761,10799,1731,14847
74,SÃO SEBASTIÃO DA GRAMA,295,9036,8598,1318,11936
75,SÃO SEBASTIÃO,2351,73448,62837,4676,87135
76,SÃO ROQUE,2037,71891,61434,8275,87435
77,SÃO PEDRO DO TURVO,160,6112,5575,959,7369
78,SÃO PEDRO,791,30368,25309,3447,34208
79,SÃO PAULO,327018,10591149,9409892,1266351,11869660
80,SÃO MIGUEL ARCANJO,836,26779,25249,3140,32000
81,SÃO MANUEL,1036,29879,27667,3978,39574
82,SÃO LUIZ DO PARAITINGA,240,9360,9115,1329,10569
83,SÃO LOURENÇO DA SERRA,374,12407,10734,1076,15579
84,SÃO JOSÉ DOS CAMPOS,16333,586322,519901,66639,710654
85,SÃO JOSÉ DO RIO PRETO,11876,398061,361836,56492,447924
86,SÃO JOSÉ DO RIO PARDO,1255,45231,40595,6910,53206
87,SÃO JOSÉ DO BARREIRO,88,3421,3261,531,4070
88,SÃO JOSÉ DA BELA VISTA,228,6253,5984,837,8727
89,SÃO JOAQUIM DA BARRA,1436,39664,37698,4917,50274
90,SÃO JOÃO DO PAU D'ALHO,30,1919,1829,362,1985
91,SÃO JOÃO DE IRACEMA,35,1562,1483,326,1850
92,SÃO JOÃO DAS DUAS PONTES,60,2138,2053,367,2476
93,SÃO JOÃO DA BOA VISTA,2118,78046,70118,12015,87340
94,SÃO FRANCISCO,43,2390,2358,660,2677
95,SÃO CARLOS,6782,212133,195976,28849,242632
96,SÃO CAETANO DO SUL,4835,134294,123104,26896,151244
97,SÃO BERNARDO DO CAMPO,21032,656680,600660,80536,812086
98,SÃO BENTO DO SAPUCAÍ,239,9945,9556,1271,10530
99,SANTOS,7982,377382,330573,77599,428703
100,SANTÓPOLIS DO AGUAPEÍ,162,3235,3191,530,4668
101,SANTO EXPEDITO,60,2560,2438,449,2972
102,SANTO ANTÔNIO DO PINHAL,148,6121,5473,676,6628
103,SANTO ANTÔNIO DO JARDIM,192,5135,4878,886,5826
104,SANTO ANTÔNIO DO ARACANGUÁ,238,6452,6134,873,8252
105,SANTO ANTÔNIO DE POSSE,648,19258,16291,1723,22849
106,SANTO ANTÔNIO DA ALEGRIA,155,6042,5735,1094,6637
107,SANTO ANDRÉ,17630,584299,513166,73467,693867
108,SANTO ANASTÁCIO,507,15493,13810,2430,20127
109,SANTANA DE PARNAÍBA,3748,121167,110865,12088,138132
110,SANTANA DA PONTE PENSA,32,1340,1340,358,1509
111,SANTA SALETE,30,1436,1379,377,1440
112,SANTA ROSA DE VITERBO,666,20206,18782,2804,25604
113,SANTA RITA DO PASSA QUATRO,547,22408,20195,3705,26385
114,SANTA RITA D'OESTE,58,2289,2213,455,2404
115,SANTA MERCEDES,53,2625,2360,332,2813
116,SANTA MARIA DA SERRA,173,4593,4162,446,6141
117,SANTA LÚCIA,237,6141,5709,578,8562
118,SANTA ISABEL,1153,45006,39918,4902,55086
119,SANTA GERTRUDES,628,19505,16853,1764,26189
120,SANTA FÉ DO SUL,703,29574,26776,4521,30804
121,SANTA ERNESTINA,164,4840,4590,527,5525
122,SANTA CRUZ DO RIO PARDO,978,39490,37241,5695,46110
123,SANTA CRUZ DAS PALMEIRAS,984,24251,22147,2755,33729
124,SANTA CRUZ DA ESPERANÇA,40,1777,1676,233,2077
125,SANTA CRUZ DA CONCEIÇÃO,111,3693,3485,730,4349
126,SANTA CLARA D'OESTE,32,2055,1953,352,2006
127,SANTA BRANCA,349,11321,10285,1361,14179
128,SANTA BÁRBARA D'OESTE,5359,148767,132188,14590,188745
129,SANTA ALBERTINA,125,5232,5083,810,5672
130,SANTA ADÉLIA,423,11809,11290,1921,14892
131,SANDOVALINA,79,3069,2846,563,4211
132,SALTO GRANDE,214,7203,6482,832,9095
133,SALTO DE PIRAPORA,1116,35666,32113,3833,44223
134,SALTO,3117,100175,89306,9866,115372
135,SALTINHO,262,7102,6564,830,7860
136,SALMOURÃO,132,4022,3776,609,5117
137,SALESÓPOLIS,459,14400,13579,1767,16838
138,SALES OLIVEIRA,286,9387,9102,1197,11518
139,SALES,145,5275,5211,846,6050
140,SAGRES,44,1994,1842,294,2362
141,SABINO,129,4505,4008,657,5468
142,RUBINÉIA,60,2956,2746,436,2989
143,RUBIÁCEA,49,2416,2265,404,3106
144,ROSEIRA,328,8458,8039,1061,10642
145,ROSANA,372,14118,13060,2023,18387
146,RIVERSUL,115,4819,4652,843,5705
147,RIOLÂNDIA,263,9918,8830,813,11431
148,RIO GRANDE DA SERRA,1350,32222,17203,1352,49816
149,RIO DAS PEDRAS,973,25891,23320,2360,34416
150,RIO CLARO,5011,168512,148495,21042,201212
151,RINÓPOLIS,263,7661,7055,1278,9720
152,RINCÃO,291,7717,7292,1346,10496
153,RIFAINA,89,3543,3234,531,3468
154,RIBEIRÃO PRETO,20387,552992,498826,76275,683777
155,RIBEIRÃO PIRES,3337,95375,87609,10818,118968
156,RIBEIRÃO GRANDE,171,6563,6237,772,7510
157,RIBEIRÃO DOS ÍNDIOS,44,1834,1801,501,2141
158,RIBEIRÃO DO SUL,80,3948,3782,770,4360
159,RIBEIRÃO CORRENTE,132,4026,3660,425,4664
160,RIBEIRÃO BRANCO,376,14595,13537,1352,17685
161,RIBEIRÃO BONITO,321,9512,8922,1429,12959
162,RIBEIRA,58,2840,2576,438,3242
163,RESTINGA,168,5783,5528,594,7493
164,REGISTRO,1083,49325,43265,5695,54216
165,REGINÓPOLIS,72,8207,7936,933,7215
166,REGENTE FEIJÓ,474,16288,15342,2090,19491
167,REDENÇÃO DA SERRA,86,3434,3164,446,3837
168,RANCHARIA,706,24272,22992,3400,28847
169,RAFARD,246,7693,6875,794,8976
170,QUINTANA,149,5466,5331,870,6500
171,QUELUZ,294,8150,7064,888,12644
172,QUEIROZ,85,2800,2628,346,3279
173,QUATÁ,340,10873,10329,1337,13935
174,QUADRA,114,3073,2770,374,3708
175,PROMISSÃO,1054,28698,27025,4155,39667
176,PRESIDENTE VENCESLAU,946,29683,27039,5295,38005
177,PRESIDENTE PRUDENTE,5199,191797,175883,27331,221073
178,PRESIDENTE EPITÁCIO,916,32057,29634,4150,42400
179,PRESIDENTE BERNARDES,237,13460,12315,2263,13720
180,PRESIDENTE ALVES,102,3314,3107,616,4020
181,PRATÂNIA,129,4523,4125,385,5156
182,PRAIA GRANDE,8152,273550,226805,29022,316844
183,PRADÓPOLIS,682,14723,13454,1581,20907
184,PRACINHA,10,2819,2748,321,2913
185,POTIRENDABA,480,14799,13462,2033,16605
186,POTIM,515,18816,16823,1495,20702
187,PORTO FERREIRA,1402,44465,40872,5471,54102
188,PORTO FELIZ,1343,44384,41637,4065,51697
189,PORANGABA,224,8014,7436,1134,9310
190,POPULINA,84,3638,3509,639,3995
191,PONTES GESTAL,61,2103,2050,353,2528
192,PONTALINDA,107,3365,3231,465,4487
193,PONTAL,1599,32378,29289,2529,49283
194,PONGAÍ,81,2910,2780,572,3351
195,POMPÉIA,535,17216,15434,2263,21282
196,POLONI,155,5066,4879,1018,5667
197,POÁ,2940,91911,77292,8847,115538
198,PLATINA,77,2664,2578,417,3501
199,PLANALTO,130,3759,3561,483,5167
200,PITANGUEIRAS,1151,27671,25218,3287,38584
201,PIRATININGA,340,11923,11007,1600,13213
202,PIRASSUNUNGA,1709,60647,53760,8097,73706
203,PIRAPOZINHO,563,20516,18658,2466,27213
204,PIRAPORA DO BOM JESUS,446,15368,12212,1097,18851
205,PIRANGI,268,9154,8724,1648,10823
206,PIRAJUÍ,445,19007,16625,2782,23259
207,PIRAJU,562,25217,22851,3585,28574
208,PIRACICABA,10727,341265,318214,40209,389873
209,PIRACAIA,696,23746,22134,2741,26287
210,PIQUETE,342,10616,9853,1310,13647
211,PIQUEROBI,54,2788,2498,498,3535
212,PINHALZINHO,401,12820,12326,1557,14755
213,PINDORAMA,425,12221,11511,2126,16255
214,PINDAMONHANGABA,4437,132174,117105,13406,163611
215,PILAR DO SUL,681,23842,22323,2750,28221
216,PIEDADE,1563,45444,41903,4356,53536
217,PIACATU,133,4646,4423,628,5891
218,PERUÍBE,1350,59490,51478,7083,66201
219,PEREIRAS,220,6620,6121,953,8428
220,PEREIRA BARRETO,576,20385,18813,2901,25391
221,PENÁPOLIS,1322,51036,46078,6831,60774
222,PEDRO DE TOLEDO,191,8232,7287,1505,10977
223,PEDRINHAS PAULISTA,55,2520,2477,533,3010
224,PEDREIRA,1341,37447,33993,4996,46548
225,PEDREGULHO,384,13776,12227,1768,16279
226,PEDRANÓPOLIS,56,2393,2363,438,2422
227,PEDRA BELA,165,5525,5310,758,5964
228,PEDERNEIRAS,1202,36537,32022,3911,45570
229,PAULO DE FARIA,185,7168,6754,1461,8521
230,PAULISTÂNIA,38,1697,1610,297,1769
231,PAULÍNIA,2938,86436,79584,8656,105037
232,PAULICÉIA,205,6059,5758,746,7146
233,PATROCÍNIO PAULISTA,326,11972,11160,1415,14463
234,PARISI,45,2183,2068,459,2054
235,PARIQUERA-AÇU,379,16377,14964,2920,19251
236,PARDINHO,154,5847,5039,547,6392
237,PARAPUÃ,235,8694,7890,1360,10507
238,PARANAPUÃ,91,3530,3389,595,3892
239,PARANAPANEMA,520,16058,14802,1641,19962
240,PARAÍSO,164,4895,4639,767,6269
241,PARAIBUNA,421,14599,13520,1576,18230
242,PARAGUAÇU PAULISTA,1047,35054,33013,4671,44180
243,PANORAMA,274,11765,10789,1446,15199
244,PALMITAL,474,17746,16614,3050,21599
245,PALMEIRA D'OESTE,193,7804,7655,1694,9130
246,PALMARES PAULISTA,452,7749,7364,871,12997
247,PALESTINA,347,9510,8812,1433,12160
248,PACAEMBU,292,13746,12928,2057,13056
249,OUROESTE,260,8590,8038,1141,9777
250,OURO VERDE,168,6284,5731,961,8268
251,OURINHOS,2121,88124,76658,11109,110489
252,OSVALDO CRUZ,720,26623,25379,4300,31263
253,OSCAR BRESSANE,46,2168,2062,514,2514
254,OSASCO,18666,606459,501579,53446,680964
255,ORLÂNDIA,1137,31859,29644,3851,42266
256,ORINDIÚVA,195,5045,4987,648,6866
257,ORIENTE,167,5216,4889,761,6265
258,ONDA VERDE,103,3901,3687,515,4225
259,OLÍMPIA,1383,46565,42333,5792,52516
260,ÓLEO,54,2438,2375,406,2527
261,OCAUÇU,102,3567,3528,648,4146
262,NUPORANGA,171,6190,5703,797,7268
263,NOVO HORIZONTE,1043,32465,30322,4337,38954
264,NOVAIS,142,3670,3221,508,5509
265,NOVA ODESSA,1771,46594,41156,4034,58039
266,NOVA LUZITÂNIA,126,2495,2333,436,4044
267,NOVA INDEPENDÊNCIA,88,4582,4367,474,3731
268,NOVA GUATAPORANGA,35,1910,1870,394,2191
269,NOVA GRANADA,557,16333,15665,2256,20918
270,NOVA EUROPA,299,7743,7319,993,10749
271,NOVA CASTILHO,20,941,923,158,1176
272,NOVA CANAÃ PAULISTA,25,1728,1670,383,1937
273,NOVA CAMPINA,226,7232,7061,767,9675
274,NOVA ALIANÇA,165,5827,5544,932,6450
275,NIPOÃ,155,4051,3654,451,4969
276,NHANDEARA,240,8701,8212,1721,10782
277,NEVES PAULISTA,228,7979,7466,1599,8620
278,NAZARÉ PAULISTA,458,15318,13599,1507,18445
279,NATIVIDADE DA SERRA,148,5902,4974,560,6698
280,NARANDIBA,123,4297,4123,496,4841
281,NANTES,59,2274,2140,306,3071
282,MURUTINGA DO SUL,91,3261,3159,762,4281
283,MOTUCA,123,3475,3397,500,4638
284,MORUNGABA,353,11765,10827,1192,13247
285,MORRO AGUDO,906,22920,21464,2860,32332
286,MONTEIRO LOBATO,89,3707,3241,417,4465
287,MONTE MOR,1841,52375,44065,3366,59614
288,MONTE CASTELO,88,3387,3244,466,3991
289,MONTE AZUL PAULISTA,338,15503,14528,2126,18191
290,MONTE APRAZÍVEL,672,18770,17554,3053,23458
291,MONTE ALTO,1160,40456,37865,5983,48405
292,MONTE ALEGRE DO SUL,189,6597,5941,883,7749
293,MONGAGUÁ,1184,48256,38013,4683,54610
294,MONÇÕES,50,1759,1710,338,2175
295,MOMBUCA,70,3064,2804,369,3332
296,MOGI MIRIM,2427,77716,70910,10129,90439
297,MOGI GUAÇU,3992,122555,113023,14354,148325
298,MOGI DAS CRUZES,10200,346703,315153,41625,432905
299,MOCOCA,1662,58257,52539,7975,66753
300,MIRASSOLÂNDIA,120,4232,4006,711,4702
301,MIRASSOL,1692,49681,46635,5205,57824
302,MIRANTE DO PARANAPANEMA,361,13493,12071,1916,17769
303,MIRANDÓPOLIS,526,24650,22555,3799,28646
304,MIRACATU,403,16259,13885,1546,19934
305,MIRA ESTRELA,53,2534,2464,535,2939
306,MINEIROS DO TIETÊ,310,9534,8833,1341,12597
307,MIGUELÓPOLIS,631,16492,15035,2156,21424
308,MESÓPOLIS,37,1792,1718,381,1893
309,MERIDIANO,90,3549,3277,531,3739
310,MENDONÇA,119,5229,4961,896,5043
311,MAUÁ,12931,327779,292688,33753,460132
312,MATÃO,2233,69259,63420,8330,80020
313,MARTINÓPOLIS,548,21579,20052,2541,25668
314,MARINÓPOLIS,40,1647,1614,401,2097
315,MARÍLIA,4458,195581,169447,25377,231554
316,MARIÁPOLIS,109,2931,2885,502,3975
317,MARAPOAMA,73,2677,2567,412,2906
318,MARACAÍ,283,10969,10124,1359,13521
319,MARABÁ PAULISTA,59,4348,3971,462,4931
320,MANDURI,246,8174,7896,1213,9525
321,MAIRIPORÃ,2425,73612,65019,8457,98622
322,MAIRINQUE,1201,44567,37562,3953,46323
323,MAGDA,65,2700,2608,488,3088
324,MACEDÔNIA,80,3264,3136,596,3574
325,MACAUBAL,206,6339,5922,992,7749
326,MACATUBA,438,13840,13191,2027,16932
327,LUTÉCIA,55,2229,2159,415,2621
328,LUPÉRCIO,107,3456,3233,472,4421
329,LUIZIÂNIA,121,4098,3851,512,5754
330,LUÍS ANTÔNIO,436,10294,9413,965,14166
331,LUCIANÓPOLIS,44,2175,2076,401,2261
332,LUCÉLIA,583,17130,16324,2363,21019
333,LOUVEIRA,1634,40729,38073,3259,48268
334,LOURDES,47,1877,1843,453,2182
335,LORENA,2039,69201,59888,7288,86639
336,LINS,1743,62052,55421,9602,75087
337,LINDÓIA,224,5930,5595,808,7722
338,LIMEIRA,8502,243024,207740,24719,296300
339,LENÇÓIS PAULISTA,1865,56150,48729,5680,66343
340,LEME,2689,81103,72893,8730,100975
341,LAVRINHAS,185,5054,4370,363,7167
342,LAVÍNIA,117,10128,9889,756,8500
343,LARANJAL PAULISTA,636,23876,21069,2657,27834
344,LAGOINHA,88,4643,4509,802,4819
345,JUQUITIBA,711,26016,22652,2253,30401
346,JUQUIÁ,395,14563,12669,1810,18828
347,JUNQUEIRÓPOLIS,409,17207,16403,2415,20065
348,JUNDIAÍ,11232,353916,328374,45702,407016
349,JUMIRIM,98,2881,2639,302,3306
350,JÚLIO MESQUITA,118,3650,3474,519,4640
351,JOSÉ BONIFÁCIO,1012,29834,28315,4208,35981
352,JOÃO RAMALHO,119,3497,3316,426,4384
353,JOANÓPOLIS,391,11336,10236,1502,12666
354,JERIQUARA,71,2931,2714,304,3141
355,JAÚ,3649,111299,99577,14518,147505
356,JARINU,873,28135,23507,2096,29820
357,JARDINÓPOLIS,1174,36310,30802,3222,42893
358,JANDIRA,3363,92864,78247,5737,123603
359,JAMBEIRO,185,4757,4565,643,6214
360,JALES,946,41397,37594,6697,47254
361,JAGUARIÚNA,1658,48845,44288,4599,54848
362,JACUPIRANGA,379,13037,11319,1377,17222
363,JACI,187,6277,6169,915,6969
364,JACAREÍ,5660,184673,158894,15326,227945
365,JABOTICABAL,1767,61200,55908,8110,74221
366,JABORANDI,163,5155,4988,766,6677
367,ITUVERAVA,1075,31586,29334,5268,40246
368,ITUPEVA,1902,53054,48246,3449,59159
369,ITU,5154,146903,131742,16771,169772
370,ITOBI,204,6411,5335,724,7609
371,ITIRAPUÃ,164,4986,4611,625,6279
372,ITIRAPINA,406,14559,13357,1193,17162
373,ITATINGA,528,15645,14771,1499,20550
374,ITATIBA,3344,97013,86209,11209,117916
375,ITARIRI,402,11751,10486,1288,17274
376,ITARARÉ,1115,37062,35753,4694,49018
377,ITAQUAQUECETUBA,9875,277574,226413,16376,370589
378,ITAPURA,75,3402,3156,496,4916
379,ITAPUÍ,360,10920,9732,1017,13779
380,ITAPORANGA,315,11963,11368,1604,14688
381,ITÁPOLIS,1041,33347,30529,4468,41548
382,ITAPIRAPUÃ PAULISTA,85,3561,3497,385,4180
383,ITAPIRA,1840,61691,57839,8902,71500
384,ITAPEVI,6643,191027,146603,10104,237714
385,ITAPEVA,2041,76183,71091,8481,91693
386,ITAPETININGA,2950,130919,116438,16041,160150
387,ITAPECERICA DA SERRA,4150,128569,112116,9462,169619
388,ITAOCA,49,2891,2779,552,3186
389,ITANHAÉM,2132,93023,80425,11357,98757
390,ITAJU,97,2898,2643,356,3654
391,ITAJOBI,360,13754,13080,2128,14614
392,ITAÍ,689,21826,20350,2115,26507
393,ITABERÁ,363,15098,14691,2218,17614
394,IRAPURU,79,6832,6411,928,7334
395,IRAPUÃ,209,5823,5320,753,7734
396,IRACEMÁPOLIS,697,18139,17072,1597,23654
397,IPUÃ,444,12243,11299,1461,15861
398,IPORANGA,31,3229,3069,479,4407
399,IPIGUÁ,120,4814,4424,572,5231
400,IPEÚNA,179,5374,4703,503,7571
401,IPERÓ,980,26483,24108,2000,34352
402,IPAUSSU,367,11191,10556,1582,14506
403,INÚBIA PAULISTA,90,3067,3025,594,3892
404,INDIAPORÃ,82,3452,3318,768,3854
405,INDIANA,112,4011,3758,602,4775
406,INDAIATUBA,6873,213871,204933,24123,242868
407,ILHABELA,861,32328,30327,3237,33470
408,ILHA SOLTEIRA,502,22076,20973,3945,25748
409,ILHA COMPRIDA,196,11116,10077,1378,10296
410,IGUAPE,600,24240,21517,3146,29465
411,IGARATÁ,215,8990,8348,933,9312
412,IGARAPAVA,771,22029,20023,2613,29456
413,IGARAÇU DO TIETÊ,694,18977,17592,1968,24135
414,IEPÊ,184,6472,6349,1199,7921
415,ICÉM,233,6406,6220,902,8032
416,IBIÚNA,2088,64884,53608,4539,76430
417,IBITINGA,1663,48550,43242,6331,58501
418,IBIRAREMA,159,5466,5255,944,7509
419,IBIRÁ,341,9937,9173,1500,12059
420,IBATÉ,1019,27056,24412,2454,34738
421,IARAS,191,7443,7093,807,6894
422,IACRI,143,5270,5041,811,6272
423,IACANGA,362,9033,8817,1575,11306
424,HORTOLÂNDIA,6738,184907,165413,15676,230268
425,HOLAMBRA,413,13448,12258,1197,14493
426,HERCULÂNDIA,226,7126,6268,799,9260
427,GUZOLÂNDIA,115,3779,3606,570,5107
428,GUATAPARÁ,210,6162,5937,803,7440
429,GUARULHOS,37396,1056011,919253,93783,1351275
430,GUARUJÁ,8363,251455,198786,36793,316405
431,GUARIBA,1158,30889,29018,2484,39021
432,GUAREÍ,432,13346,12167,1206,15750
433,GUARATINGUETÁ,3083,96713,87252,11098,118345
434,GUARAREMA,848,26571,24072,2602,29429
435,GUARARAPES,825,25645,24129,3633,32076
436,GUARANTÃ,182,5117,4804,829,6477
437,GUARANI D'OESTE,30,1734,1681,353,1922
438,GUARACI,317,8471,8062,1202,10978
439,GUARAÇAÍ,194,6489,6277,1176,8412
440,GUARÁ,507,15759,14788,2361,20824
441,GUAPIARA,394,14543,13301,1639,17775
442,GUAPIAÇU,555,17723,15596,1870,20848
443,GUAÍRA,1028,32913,30822,4114,39061
444,GUAIMBÊ,130,4439,4296,665,5534
445,GUAIÇARA,317,9299,8460,998,11947
446,GLICÉRIO,125,3620,3452,484,4749
447,GETULINA,255,9031,8413,1168,10847
448,GENERAL SALGADO,236,8703,8146,1533,10648
449,GAVIÃO PEIXOTO,127,3950,3728,495,4610
450,GASTÃO VIDIGAL,151,2895,2783,515,4768
451,GARÇA,991,35256,32268,4914,42483
452,GÁLIA,134,5538,5380,1157,6563
453,GABRIEL MONTEIRO,62,2329,2291,434,2684
454,FRANCO DA ROCHA,7037,123699,106287,10818,152201
455,FRANCISCO MORATO,4482,136947,115524,8662,174403
456,FRANCA,8451,284722,248131,29418,342125
457,FLORÍNEA,28,4004,3768,475,2703
458,FLÓRIDA PAULISTA,279,10227,9883,1614,12120
459,FLOREAL,50,2505,2438,653,2856
460,FLORA RICA,19,1319,1294,342,1589
461,FERRAZ DE VASCONCELOS,5248,132057,113632,11262,193037
462,FERNÃO,30,1450,1422,311,1649
463,FERNANDÓPOLIS,1481,59927,55833,10523,66112
464,FERNANDO PRESTES,125,4976,4912,1101,5572
465,FARTURA,371,13393,12137,1773,15644
466,EUCLIDES DA CUNHA PAULISTA,202,6453,5699,768,9537
467,ESTRELA DO NORTE,48,2280,2203,344,2665
468,ESTRELA D'OESTE,207,7382,6967,1330,8094
469,ESTIVA GERBI,320,8942,7443,683,11079
470,ESPÍRITO SANTO DO TURVO,105,4072,3780,375,4799
471,ESPÍRITO SANTO DO PINHAL,1006,35365,31946,5613,42573
472,ENGENHEIRO COELHO,632,16448,14287,1109,20535
473,EMILIANÓPOLIS,70,2594,2532,471,3068
474,EMBU-GUAÇU,1431,52395,46990,5505,68053
475,EMBU DAS ARTES,7201,205461,180588,24880,270790
476,EMBAÚBA,60,1890,1836,334,2409
477,ELISIÁRIO,100,2650,2624,472,3499
478,ELIAS FAUSTO,540,14287,13318,1459,17346
479,ELDORADO,174,11234,9586,1361,15236
480,ECHAPORÃ,126,5348,4880,867,6217
481,DUMONT,288,8379,7539,811,9570
482,DUARTINA,292,10643,10244,2069,11975
483,DRACENA,848,38454,35760,5816,44995
484,DOURADO,215,7411,7064,1109,8482
485,DOLCINÓPOLIS,54,2045,1987,423,2040
486,DOIS CÓRREGOS,682,20464,18816,2552,26972
487,DOBRADA,296,6887,6035,520,8904
488,DIVINOLÂNDIA,227,10254,9707,1820,10886
489,DIRCE REIS,18,1465,1461,356,1717
490,DIADEMA,10659,333469,292097,27963,404477
491,DESCALVADO,872,27560,25971,4672,32430
492,CUNHA,480,18201,16991,2048,21681
493,CUBATÃO,3243,90013,78582,10774,129145
494,CRUZEIRO,2052,64339,57162,6783,79927
495,CRUZÁLIA,32,1808,1778,352,2117
496,CRISTAIS PAULISTA,215,7272,6548,834,8425
497,CRAVINHOS,961,29026,25157,2693,34428
498,COTIA,6022,194429,170205,17516,247424
499,COSMORAMA,175,7165,6827,1213,6997
500,COSMÓPOLIS,2058,46755,40755,3636,71282
501,CORUMBATAÍ,88,3288,3126,455,3962
502,CORONEL MACEDO,103,3894,3824,700,4843
503,COROADOS,148,4490,4158,698,5926
504,CORDEIRÓPOLIS,670,20212,18506,2803,24356
505,CONCHAS,378,13822,12034,1836,17134
506,CONCHAL,722,23382,21094,2160,27284
507,COLÔMBIA,160,5506,5197,787,6046
508,COLINA,464,14897,13150,1703,17603
509,CLEMENTINA,265,5889,5628,848,8324
510,CHAVANTES,315,9889,9249,1225,12223
511,CHARQUEADA,515,13434,12324,1509,16933
512,CESÁRIO LANGE,500,15323,13625,1402,17248
513,CERQUILHO,1340,38238,36376,4323,46411
514,CERQUEIRA CÉSAR,400,18938,17817,2262,19213
515,CEDRAL,215,8754,7902,1263,8836
516,CATIGUÁ,188,6140,5790,877,7529
517,CATANDUVA,2860,97875,89813,15299,117206
518,CASTILHO,547,16241,14965,2399,20728
519,CÁSSIA DOS COQUEIROS,52,2333,2209,327,2495
520,CASA BRANCA,769,23840,20318,2185,29462
521,CARDOSO,267,10065,9428,1622,11721
522,CARAPICUÍBA,10613,322917,275848,23683,394598
523,CARAGUATATUBA,2879,103437,87966,10203,116106
524,CAPIVARI,1467,41933,38307,4209,54231
525,CAPELA DO ALTO,560,19592,17344,1313,20542
526,CAPÃO BONITO,1042,37927,34491,3944,46418
527,CANITAR,141,4197,3892,400,4991
528,CÂNDIDO RODRIGUES,56,2498,2422,523,2674
529,CÂNDIDO MOTA,644,24397,22971,3347,30019
530,CANAS,130,3697,3557,323,5064
531,CANANÉIA,251,10607,9675,1344,12341
532,CAMPOS NOVOS PAULISTA,110,3944,3716,548,4817
533,CAMPOS DO JORDÃO,1306,42361,40177,4540,50118
534,CAMPO LIMPO PAULISTA,2256,63838,56544,5932,82842
535,CAMPINAS,31733,960790,859671,124323,1175501
536,CAMPINA DO MONTE ALEGRE,128,5225,4954,578,5812
537,CAJURU,572,19950,17488,2668,25663
538,CAJOBI,272,7877,7520,1186,10105
539,CAJATI,704,23835,21534,2132,28992
540,CAJAMAR,2333,73281,68112,5025,77627
541,CAIUÁ,62,6474,5919,649,5600
542,CAIEIRAS,2829,76047,69331,7783,100612
543,CAIABU,58,3139,2938,340,4103
544,CAFELÂNDIA,414,13636,12202,1660,17244
545,CACONDE,401,15388,13795,1729,18854
546,CACHOEIRA PAULISTA,855,24861,21774,3121,32231
547,CAÇAPAVA,2410,76080,68976,8317,91217
548,CABREÚVA,1438,41899,38273,2857,49430
549,CABRÁLIA PAULISTA,102,3583,3423,556,4308
550,BURITIZAL,97,3559,3116,490,4307
551,BURITAMA,442,14092,13296,2358,16596
552,BURI,472,16377,14566,1399,19678
553,BROTAS,609,19899,18405,2243,23850
554,BRODOWSKI,654,20331,18358,2360,23943
555,BREJO ALEGRE,72,2168,2043,343,2768
556,BRAÚNA,139,4462,4144,643,5552
557,BRAGANÇA PAULISTA,4657,149773,135934,20050,163980
558,BOREBI,50,2143,2024,185,2579
559,BORBOREMA,401,12437,12006,1873,15323
560,BORACÉIA,103,3944,3596,585,4759
561,BORÁ,10,837,790,127,812
562,BOM SUCESSO DE ITARARÉ,77,3049,2876,290,3861
563,BOM JESUS DOS PERDÕES,710,19835,17698,1570,24291
564,BOITUVA,1755,48281,43524,4469,57292
565,BOFETE,292,8888,7870,946,11076
566,BOCAINA,313,9216,9007,1343,12135
567,BOA ESPERANÇA DO SUL,417,10940,10205,1356,14582
568,BIRITIBA MIRIM,858,24301,21678,2259,32338
569,BIRIGUI,3517,95783,85240,11084,121329
570,BILAC,198,6258,6011,1142,7816
571,BERTIOGA,1817,55158,45988,5815,63290
572,BERNARDINO DE CAMPOS,204,10403,9847,1560,10787
573,BENTO DE ABREU,72,2097,2040,353,2945
574,BEBEDOURO,1639,63781,58832,8981,74155
575,BAURU,8516,310895,274855,41578,364225
576,BATATAIS,1414,50051,46721,7401,60222
577,BASTOS,477,18495,17300,2636,20301
578,BARUERI,6253,230470,205069,17997,264390
579,BARRINHA,879,24696,21448,1729,32338
580,BARRETOS,2712,103806,94933,15524,118048
581,BARRA DO TURVO,96,6297,5223,771,7687
582,BARRA DO CHAPÉU,115,4450,4127,502,5530
583,BARRA BONITA,980,29312,28642,4705,34914
584,BARIRI,829,25793,23284,3729,33993
585,BARBOSA,115,5284,4713,701,7284
586,BARÃO DE ANTONINA,45,2996,2836,527,3383
587,BANANAL,262,8615,7613,1202,10651
588,BÁLSAMO,200,7515,7375,1204,8524
589,BALBINOS,52,4564,4421,545,3704
590,BADY BASSITT,400,16974,15642,1673,16329
591,AVARÉ,2118,76733,68655,10605,87538
592,AVANHANDAVA,225,9752,9075,911,12114
593,AVAÍ,40,4280,4085,844,5288
594,AURIFLAMA,351,11205,10683,1841,14471
595,ATIBAIA,3532,125945,110658,15706,139606
596,ASSIS,2146,82939,74722,11655,101381
597,ASPÁSIA,15,1626,1571,341,1765
598,ARUJÁ,2310,70056,63354,5749,89744
599,ARTUR NOGUEIRA,1510,42560,38836,3860,52609
600,ARIRANHA,258,6704,6546,1267,9320
601,AREIÓPOLIS,311,7883,7169,687,10857
602,AREIAS,71,3127,2901,409,3843
603,AREALVA,194,7005,6601,1127,8196
604,ARCO-ÍRIS,30,1700,1670,431,1816
605,ARARAS,3812,108812,101277,14835,131057
606,ARARAQUARA,6067,199692,179839,26640,227618
607,ARAPEÍ,59,2077,1988,354,2471
608,ARANDU,150,5346,5039,678,6165
609,ARAMINA,134,4450,4304,636,5496
610,ARAÇOIABA DA SERRA,816,26700,23921,2992,32390
611,ARAÇATUBA,4809,163639,145357,22706,190469
612,ARAÇARIGUAMA,587,17680,15231,1211,20980
613,APIAÍ,515,19792,18114,1938,24666
614,APARECIDA D'OESTE,78,3770,3682,723,4132
615,APARECIDA,926,27955,24549,2836,35709
616,ANHUMAS,83,3284,3209,436,3963
617,ANHEMBI,148,5213,4705,654,6672
618,ANGATUBA,477,19414,17072,1965,24501
619,ANDRADINA,1294,47755,43216,6561,56054
620,ANALÂNDIA,120,3745,3367,462,4850
621,AMPARO,1757,60527,55299,8526,69639
622,AMÉRICO DE CAMPOS,125,4865,4742,917,5736
623,AMÉRICO BRASILIENSE,1088,28449,25515,3792,40243
624,AMERICANA,6210,192733,169149,22082,233458
625,ALVINLÂNDIA,68,2505,2441,287,3176
626,ÁLVARO DE CARVALHO,107,5441,5136,582,5044
627,ÁLVARES MACHADO,600,19924,18192,2689,23789
628,ÁLVARES FLORENCE,80,3346,3248,626,3621
629,ALUMÍNIO,508,14082,13166,1452,17972
630,ALTO ALEGRE,100,3378,3261,628,4017
631,ALTINÓPOLIS,384,13806,13230,2398,15553
632,ALTAIR,115,2901,2780,530,4036
633,ALFREDO MARCONDES,83,3893,3803,789,3927
634,ALAMBARI,171,4692,4319,495,5779
635,AGUDOS,873,32529,28597,3792,36134
636,ÁGUAS DE SÃO PEDRO,59,3470,3353,788,3122
637,ÁGUAS DE SANTA BÁRBARA,136,5321,4783,746,5931
638,ÁGUAS DE LINDÓIA,463,16489,15398,2213,18374
639,ÁGUAS DA PRATA,193,6587,6340,1071,7797
640,AGUAÍ,1043,27612,25617,3253,35608
641,ADOLFO,77,3774,3649,832,3447
642,ADAMANTINA,878,29658,27692,5041,33894
